{ "result":[ {
   "prediction0":[  
      {  
         "sequence0":[  
            {  
               "id":"1",
               "state":"DT1"
            },
            {  
               "id":"2",
               "state":"ESD"
            },
            {  
               "id":"3",
               "state":"DT"
            },
            {  
               "id":"4",
               "state":"SBJ"
            },
            {  
               "id":"5",
               "state":"VBZ"
            },
            {  
               "id":"6",
               "state":"VBN"
            },
            {  
               "id":"7",
               "state":"VBGE"
            },
            {  
               "id":"8",
               "state":"EVT"
            },
            {  
               "id":"9",
               "state":"WDT"
            },
            {  
               "id":"10",
               "state":"MD"
            },
            {  
               "id":"11",
               "state":"RES"
            },
            {  
               "id":"12",
               "state":"DOT"
            }
         ],
         "sequence1":[  
            {  
               "id":"1",
               "state":"DT"
            },
            {  
               "id":"2",
               "state":"SBJ"
            },
            {  
               "id":"3",
               "state":"VBD"
            },
            {  
               "id":"4",
               "state":"VBM"
            },
            {  
               "id":"5",
               "state":"IN"
            },
            {  
               "id":"6",
               "state":"DG"
            },
            {  
               "id":"7",
               "state":"NM"
            },
            {  
               "id":"8",
               "state":"NNDP"
            },
            {  
               "id":"9",
               "state":"TO"
            },
            {  
               "id":"10",
               "state":"MVB"
            },
            {  
               "id":"11",
               "state":"IN1"
            },
            {  
               "id":"12",
               "state":"DT"
            },
            {  
               "id":"13",
               "state":"NN"
            },
            {  
               "id":"14",
               "state":"DOT"
            }
         ],
         "sequence2":[  
            {  
               "id":"1",
               "state":"DT"
            },
            {  
               "id":"2",
               "state":"SBJ"
            },
            {  
               "id":"3",
               "state":"RB"
            },
            {  
               "id":"4",
               "state":"MJJ"
            },
            {  
               "id":"5",
               "state":"NM"
            },
            {  
               "id":"6",
               "state":"IN"
            },
            {  
               "id":"7",
               "state":"DGH"
            },
            {  
               "id":"8",
               "state":"IN2"
            },
            {  
               "id":"9",
               "state":"ROA"
            },
            {  
               "id":"10",
               "state":"IN3"
            },
            {  
               "id":"11",
               "state":"EVH"
            },
            {  
               "id":"12",
               "state":"CC"
            },
            {  
               "id":"13",
               "state":"DT"
            },
            {  
               "id":"14",
               "state":"NM1"
            },
            {  
               "id":"15",
               "state":"IN4"
            },
            {  
               "id":"16",
               "state":"NNDS"
            },
            {  
               "id":"17",
               "state":"VBD"
            },
            {  
               "id":"18",
               "state":"VBN1"
            },
            {  
               "id":"19",
               "state":"INS"
            },
            {  
               "id":"20",
               "state":"EVHS"
            },
            {  
               "id":"21",
               "state":"DOT"
            }
         ]
      }
   ],
   "prediction1":[  
      {  
         "sequence0":[  
            {  
               "id":"1",
               "state":"DT"
            },
            {  
               "id":"2",
               "state":"SBJ"
            },
            {  
               "id":"3",
               "state":"VBZ"
            },
            {  
               "id":"4",
               "state":"VBN"
            },
            {  
               "id":"5",
               "state":"VBG"
            },
            {  
               "id":"6",
               "state":"EVT"
            },
            {  
               "id":"7",
               "state":"INS"
            },
            {  
               "id":"8",
               "state":"ESD"
            },
            {  
               "id":"9",
               "state":"WDT"
            },
            {  
               "id":"10",
               "state":"MD"
            },
            {  
               "id":"11",
               "state":"RES"
            },
            {  
               "id":"12",
               "state":"DOT"
            }
         ],
         "sequence1":[  
            {  
               "id":"1",
               "state":"DT"
            },
            {  
               "id":"2",
               "state":"SBJ"
            },
            {  
               "id":"3",
               "state":"VBD"
            },
            {  
               "id":"4",
               "state":"VBNM"
            },
            {  
               "id":"5",
               "state":"IN"
            },
            {  
               "id":"6",
               "state":"TDG"
            },
            {  
               "id":"7",
               "state":"IN5"
            },
            {  
               "id":"8",
               "state":"DT2"
            },
            {  
               "id":"9",
               "state":"NM"
            },
            {  
               "id":"10",
               "state":"IN3"
            },
            {  
               "id":"11",
               "state":"DT"
            },
            {  
               "id":"12",
               "state":"NN"
            },
            {  
               "id":"13",
               "state":"DOT"
            }
         ],
         "sequence2":[  
            {  
               "id":"1",
               "state":"INS"
            },
            {  
               "id":"2",
               "state":"EVHS"
            },
            {  
               "id":"3",
               "state":"DT"
            },
            {  
               "id":"4",
               "state":"SBJ"
            },
            {  
               "id":"5",
               "state":"RB"
            },
            {  
               "id":"6",
               "state":"MJJ"
            },
            {  
               "id":"7",
               "state":"NM"
            },
            {  
               "id":"8",
               "state":"IN"
            },
            {  
               "id":"9",
               "state":"DGH"
            },
            {  
               "id":"10",
               "state":"IN2"
            },
            {  
               "id":"11",
               "state":"ROA"
            },
            {  
               "id":"12",
               "state":"IN3"
            },
            {  
               "id":"13",
               "state":"EVH"
            },
            {  
               "id":"14",
               "state":"CC"
            },
            {  
               "id":"15",
               "state":"VBD"
            },
            {  
               "id":"16",
               "state":"VBN"
            },
            {  
               "id":"17",
               "state":"DT1"
            },
            {  
               "id":"18",
               "state":"DT"
            },
            {  
               "id":"19",
               "state":"NMM"
            },
            {  
               "id":"20",
               "state":"DOT"
            }
         ]
      }
   ],
   "prediction2":[  
      {  
         "sequence0":[  
            {  
               "id":"1",
               "state":"EVT"
            },
            {  
               "id":"2",
               "state":"VBZ"
            },
            {  
               "id":"3",
               "state":"VBN"
            },
            {  
               "id":"4",
               "state":"VBNS"
            },
            {  
               "id":"5",
               "state":"IN6"
            },
            {  
               "id":"6",
               "state":"DT"
            },
            {  
               "id":"7",
               "state":"SBJ"
            },
            {  
               "id":"8",
               "state":"INS"
            },
            {  
               "id":"9",
               "state":"ESD"
            },
            {  
               "id":"10",
               "state":"WDT"
            },
            {  
               "id":"11",
               "state":"MD"
            },
            {  
               "id":"12",
               "state":"RES"
            },
            {  
               "id":"13",
               "state":"DOT"
            }
         ],
         "sequence1":[  
            {  
               "id":"1",
               "state":"IN"
            },
            {  
               "id":"2",
               "state":"DT"
            },
            {  
               "id":"3",
               "state":"JJP"
            },
            {  
               "id":"4",
               "state":"NNI"
            },
            {  
               "id":"5",
               "state":"DT"
            },
            {  
               "id":"6",
               "state":"SBJ"
            },
            {  
               "id":"7",
               "state":"VBD"
            },
            {  
               "id":"8",
               "state":"VBNM"
            },
            {  
               "id":"9",
               "state":"IN"
            },
            {  
               "id":"10",
               "state":"DG"
            },
            {  
               "id":"11",
               "state":"IN5"
            },
            {  
               "id":"12",
               "state":"DT2"
            },
            {  
               "id":"13",
               "state":"NM"
            },
            {  
               "id":"14",
               "state":"IN3"
            },
            {  
               "id":"15",
               "state":"DT"
            },
            {  
               "id":"16",
               "state":"NN"
            },
            {  
               "id":"17",
               "state":"DOT"
            }
         ],
         "sequence2":[  
            {  
               "id":"1",
               "state":"NM"
            },
            {  
               "id":"2",
               "state":"IN"
            },
            {  
               "id":"3",
               "state":"DGH"
            },
            {  
               "id":"4",
               "state":"VBD"
            },
            {  
               "id":"5",
               "state":"RB"
            },
            {  
               "id":"6",
               "state":"VBNM"
            },
            {  
               "id":"7",
               "state":"TO"
            },
            {  
               "id":"8",
               "state":"DT"
            },
            {  
               "id":"9",
               "state":"SBJ"
            },
            {  
               "id":"10",
               "state":"INS"
            },
            {  
               "id":"11",
               "state":"EVHS"
            },
            {  
               "id":"12",
               "state":"IN2"
            },
            {  
               "id":"13",
               "state":"ROA"
            },
            {  
               "id":"14",
               "state":"IN3"
            },
            {  
               "id":"15",
               "state":"NN"
            },
            {  
               "id":"16",
               "state":"EVH"
            },
            {  
               "id":"17",
               "state":"DOT"
            }
         ]
      }
   ],
   "prediction3":[  
      {  
         "sequence0":[  
            {  
               "id":"1",
               "state":"DT"
            },
            {  
               "id":"2",
               "state":"SBJ"
            },
            {  
               "id":"3",
               "state":"VBZ"
            },
            {  
               "id":"4",
               "state":"VBN"
            },
            {  
               "id":"5",
               "state":"VBGC"
            },
            {  
               "id":"6",
               "state":"IN4"
            },
            {  
               "id":"7",
               "state":"EVT"
            },
            {  
               "id":"8",
               "state":"INS"
            },
            {  
               "id":"9",
               "state":"ESD"
            },
            {  
               "id":"10",
               "state":"WDT"
            },
            {  
               "id":"11",
               "state":"MD"
            },
            {  
               "id":"12",
               "state":"RES"
            },
            {  
               "id":"12",
               "state":"DOT"
            }
         ],
         "sequence1":[  
            {  
               "id":"1",
               "state":"DT"
            },
            {  
               "id":"2",
               "state":"SBJ"
            },
            {  
               "id":"3",
               "state":"VBD"
            },
            {  
               "id":"4",
               "state":"VBM"
            },
            {  
               "id":"5",
               "state":"IN"
            },
            {  
               "id":"6",
               "state":"DG"
            },
            {  
               "id":"7",
               "state":"NM"
            },
            {  
               "id":"8",
               "state":"NNDP"
            },
            {  
               "id":"9",
               "state":"TO"
            },
            {  
               "id":"10",
               "state":"MVB"
            },
            {  
               "id":"11",
               "state":"IN1"
            },
            {  
               "id":"12",
               "state":"DT"
            },
            {  
               "id":"13",
               "state":"NN"
            },
            {  
               "id":"14",
               "state":"DOT"
            }
         ],
         "sequence2":[  
            {  
               "id":"1",
               "state":"DT"
            },
            {  
               "id":"2",
               "state":"SBJ"
            },
            {  
               "id":"3",
               "state":"RB"
            },
            {  
               "id":"4",
               "state":"MJJ"
            },
            {  
               "id":"5",
               "state":"NM"
            },
            {  
               "id":"6",
               "state":"IN"
            },
            {  
               "id":"7",
               "state":"DGH"
            },
            {  
               "id":"8",
               "state":"IN2"
            },
            {  
               "id":"9",
               "state":"ROA"
            },
            {  
               "id":"10",
               "state":"IN3"
            },
            {  
               "id":"11",
               "state":"EVH"
            },
            {  
               "id":"12",
               "state":"CC"
            },
            {  
               "id":"13",
               "state":"DT"
            },
            {  
               "id":"14",
               "state":"NM1"
            },
            {  
               "id":"15",
               "state":"IN4"
            },
            {  
               "id":"16",
               "state":"NNDS"
            },
            {  
               "id":"17",
               "state":"VBD"
            },
            {  
               "id":"18",
               "state":"VBN1"
            },
            {  
               "id":"19",
               "state":"INS"
            },
            {  
               "id":"20",
               "state":"EVHS"
            },
            {  
               "id":"21",
               "state":"DOT"
            }
         ]
      }
   ] }
   ]
}